{"_id":{"$oid":"5a8c554249eebe7258dfde04"},"idstation":"10027","nom":"Mairie de Villeurbanne","code_insee":"69266","nbbornettes":"26","geometry":{"type":"Point","coordinates":[4.87989386727746,45.766830606452515]}}
{"_id":{"$oid":"5a8c554249eebe7258dfde05"},"idstation":"10030","nom":"Greuze","code_insee":"69266","nbbornettes":"18","geometry":{"type":"Point","coordinates":[4.893848016714341,45.77384366819816]}}
{"_id":{"$oid":"5a8c554249eebe7258dfde06"},"idstation":"10034","nom":"Docteur Damidot","code_insee":"69266","nbbornettes":"10","geometry":{"type":"Point","coordinates":[4.886157284856601,45.76178828496871]}}
{"_id":{"$oid":"5a8c554349eebe7258dfde07"},"idstation":"10036","nom":"Stalingrad","code_insee":"69266","nbbornettes":"16","geometry":{"type":"Point","coordinates":[4.859154585760836,45.774356828699524]}}
{"_id":{"$oid":"5a8c554349eebe7258dfde08"},"idstation":"10038","nom":"Condorcet","code_insee":"69266","nbbornettes":"12","geometry":{"type":"Point","coordinates":[4.866778328024092,45.77904577371858]}}
{"_id":{"$oid":"5a8c554349eebe7258dfde09"},"idstation":"10043","nom":"Salengro / Feyssine","code_insee":"69266","nbbornettes":"20","geometry":{"type":"Point","coordinates":[4.890585836625102,45.78301107459788]}}
{"_id":{"$oid":"5a8c554349eebe7258dfde0a"},"idstation":"10047","nom":"Lherminier / Pressensé","code_insee":"69266","nbbornettes":"10","geometry":{"type":"Point","coordinates":[4.884997681980714,45.77117232550429]}}
{"_id":{"$oid":"5a8c554349eebe7258dfde0b"},"idstation":"10048","nom":"Place Marengo","code_insee":"69266","nbbornettes":"22","geometry":{"type":"Point","coordinates":[4.875888065717219,45.7592438500941]}}
{"_id":{"$oid":"5a8c554349eebe7258dfde0c"},"idstation":"2007","nom":"Patinoire Charlemagne","code_insee":"69382","nbbornettes":"22","geometry":{"type":"Point","coordinates":[4.82049353568986,45.74264639347112]}}
{"_id":{"$oid":"5a8c554349eebe7258dfde0d"},"idstation":"10039","nom":"Bouvier","code_insee":"69266","nbbornettes":"16","geometry":{"type":"Point","coordinates":[4.891500824527039,45.77944992658261]}}
{"_id":{"$oid":"5a8c554349eebe7258dfde0e"},"idstation":"2016","nom":"Place Regaud","code_insee":"69382","nbbornettes":"12","geometry":{"type":"Point","coordinates":[4.834286688347044,45.763076929567]}}
{"_id":{"$oid":"5a8c554349eebe7258dfde0f"},"idstation":"10075","nom":"Gabriel Péri","code_insee":"69266","nbbornettes":"12","geometry":{"type":"Point","coordinates":[4.865699268446058,45.77229959385081]}}
{"_id":{"$oid":"5a8c554349eebe7258dfde10"},"idstation":"10079","nom":"Anatole France / Barbusse","code_insee":"69266","nbbornettes":"20","geometry":{"type":"Point","coordinates":[4.87916148913811,45.76813040022993]}}
{"_id":{"$oid":"5a8c554349eebe7258dfde11"},"idstation":"6006","nom":"Boulevard des Belges","code_insee":"69386","nbbornettes":"15","geometry":{"type":"Point","coordinates":[4.851830180121344,45.773319511124846]}}
{"_id":{"$oid":"5a8c554349eebe7258dfde12"},"idstation":"6011","nom":"Mairie du 6e","code_insee":"69386","nbbornettes":"15","geometry":{"type":"Point","coordinates":[4.849499452740504,45.768399053286196]}}
{"_id":{"$oid":"5a8c554349eebe7258dfde13"},"idstation":"10086","nom":"Anatole France","code_insee":"69266","nbbornettes":"10","geometry":{"type":"Point","coordinates":[4.889526085789316,45.76983600058976]}}
{"_id":{"$oid":"5a8c554349eebe7258dfde14"},"idstation":"6012","nom":"Place Puvis de Chavannes","code_insee":"69386","nbbornettes":"10","geometry":{"type":"Point","coordinates":[4.844603635748356,45.7717570855734]}}
{"_id":{"$oid":"5a8c554349eebe7258dfde15"},"idstation":"9011","nom":"Conservatoire","code_insee":"69389","nbbornettes":"19","geometry":{"type":"Point","coordinates":[4.812676219585405,45.76978221215741]}}
{"_id":{"$oid":"5a8c554349eebe7258dfde16"},"idstation":"3051","nom":"Place Henri","code_insee":"69383","nbbornettes":"13","geometry":{"type":"Point","coordinates":[4.880563488669042,45.74816647336289]}}
{"_id":{"$oid":"5a8c554349eebe7258dfde17"},"idstation":"9003","nom":"Place Valmy","code_insee":"69389","nbbornettes":"16","geometry":{"type":"Point","coordinates":[4.805317980911981,45.775641829444254]}}
{"_id":{"$oid":"5a8c554349eebe7258dfde18"},"idstation":"5026","nom":"Rue de la Baleine","code_insee":"69385","nbbornettes":"14","geometry":{"type":"Point","coordinates":[4.829040441519919,45.763375846482376]}}
{"_id":{"$oid":"5a8c554349eebe7258dfde19"},"idstation":"8007","nom":"Frères Lumière","code_insee":"69388","nbbornettes":"15","geometry":{"type":"Point","coordinates":[4.866452317266829,45.745017432083195]}}
{"_id":{"$oid":"5a8c554349eebe7258dfde1a"},"idstation":"10072","nom":"Jacques Brel","code_insee":"69266","nbbornettes":"23","geometry":{"type":"Point","coordinates":[4.864286065750876,45.77422553971825]}}
{"_id":{"$oid":"5a8c554349eebe7258dfde1b"},"idstation":"3001","nom":"Part-Dieu / Vivier Merle","code_insee":"69383","nbbornettes":"40","geometry":{"type":"Point","coordinates":[4.858464175430208,45.76026300589383]}}
{"_id":{"$oid":"5a8c554349eebe7258dfde1c"},"idstation":"2015","nom":"Place de la République","code_insee":"69382","nbbornettes":"27","geometry":{"type":"Point","coordinates":[4.836288972942043,45.76070978631312]}}
{"_id":{"$oid":"5a8c554349eebe7258dfde1d"},"idstation":"2028","nom":"Sainte Blandine","code_insee":"69382","nbbornettes":"16","geometry":{"type":"Point","coordinates":[4.822142870439611,45.744422301422304]}}
{"_id":{"$oid":"5a8c554349eebe7258dfde1e"},"idstation":"2023","nom":"Hugo / Ste Hélène","code_insee":"69382","nbbornettes":"20","geometry":{"type":"Point","coordinates":[4.829892328199222,45.754676167368594]}}
{"_id":{"$oid":"5a8c554349eebe7258dfde1f"},"idstation":"2025","nom":"Mercière / Ferrandière","code_insee":"69382","nbbornettes":"10","geometry":{"type":"Point","coordinates":[4.833205955637978,45.76205530147813]}}
{"_id":{"$oid":"5a8c554349eebe7258dfde20"},"idstation":"6003","nom":"Avenue Verguin","code_insee":"69386","nbbornettes":"20","geometry":{"type":"Point","coordinates":[4.856326781358819,45.77291139744828]}}
{"_id":{"$oid":"5a8c554349eebe7258dfde21"},"idstation":"5005","nom":"Saint Paul","code_insee":"69385","nbbornettes":"23","geometry":{"type":"Point","coordinates":[4.827362826171142,45.7662574761217]}}
{"_id":{"$oid":"5a8c554349eebe7258dfde22"},"idstation":"2017","nom":"République / Ferrandière","code_insee":"69382","nbbornettes":"15","geometry":{"type":"Point","coordinates":[4.835959925076834,45.762189982346754]}}
{"_id":{"$oid":"5a8c554349eebe7258dfde23"},"idstation":"4005","nom":"Place Bertone","code_insee":"69384","nbbornettes":"12","geometry":{"type":"Point","coordinates":[4.834450944777563,45.777615301464905]}}
{"_id":{"$oid":"5a8c554349eebe7258dfde24"},"idstation":"5004","nom":"Saint Jean","code_insee":"69385","nbbornettes":"29","geometry":{"type":"Point","coordinates":[4.82656505039726,45.76048374389778]}}
{"_id":{"$oid":"5a8c554349eebe7258dfde25"},"idstation":"3004","nom":"Bourse du travail","code_insee":"69383","nbbornettes":"20","geometry":{"type":"Point","coordinates":[4.848065846108474,45.7596542197415]}}
{"_id":{"$oid":"5a8c554349eebe7258dfde26"},"idstation":"3088","nom":"Place Guichard","code_insee":"69383","nbbornettes":"16","geometry":{"type":"Point","coordinates":[4.846538609511438,45.75882524953305]}}
{"_id":{"$oid":"5a8c554349eebe7258dfde27"},"idstation":"3031","nom":"Corneille / Servient","code_insee":"69383","nbbornettes":"13","geometry":{"type":"Point","coordinates":[4.84451590396715,45.75993052588361]}}
{"_id":{"$oid":"5a8c554449eebe7258dfde28"},"idstation":"5015","nom":"Fulchiron","code_insee":"69385","nbbornettes":"19","geometry":{"type":"Point","coordinates":[4.821661798351628,45.75200117694329]}}
{"_id":{"$oid":"5a8c554449eebe7258dfde29"},"idstation":"3037","nom":"Paul Bert / Garibaldi","code_insee":"69383","nbbornettes":"20","geometry":{"type":"Point","coordinates":[4.853471912113022,45.757123071687246]}}
{"_id":{"$oid":"5a8c554449eebe7258dfde2a"},"idstation":"2035","nom":"Childebert/Rivière","code_insee":"69382","nbbornettes":"27","geometry":{"type":"Point","coordinates":[4.835757223565968,45.7598793920463]}}
{"_id":{"$oid":"5a8c554449eebe7258dfde2b"},"idstation":"6004","nom":"Foch","code_insee":"69386","nbbornettes":"20","geometry":{"type":"Point","coordinates":[4.844764938842583,45.76885136975936]}}
{"_id":{"$oid":"5a8c554449eebe7258dfde2c"},"idstation":"2006","nom":"Place de l'Hippodrome","code_insee":"69382","nbbornettes":"14","geometry":{"type":"Point","coordinates":[4.823532673236309,45.74558155218048]}}
{"_id":{"$oid":"5a8c554449eebe7258dfde2d"},"idstation":"5007","nom":"Place de Trion","code_insee":"69385","nbbornettes":"16","geometry":{"type":"Point","coordinates":[4.813134952810747,45.757906308906406]}}
{"_id":{"$oid":"5a8c554449eebe7258dfde2e"},"idstation":"3039","nom":"Place Bir Hakeim","code_insee":"69383","nbbornettes":"13","geometry":{"type":"Point","coordinates":[4.855710148688797,45.75259214371396]}}
{"_id":{"$oid":"5a8c554449eebe7258dfde2f"},"idstation":"3012","nom":"Place du Château","code_insee":"69383","nbbornettes":"25","geometry":{"type":"Point","coordinates":[4.887285723219294,45.74951707884712]}}
{"_id":{"$oid":"5a8c554449eebe7258dfde30"},"idstation":"2022","nom":"Place Carnot","code_insee":"69382","nbbornettes":"30","geometry":{"type":"Point","coordinates":[4.826890944673127,45.75123038409837]}}
{"_id":{"$oid":"5a8c554449eebe7258dfde31"},"idstation":"3038","nom":"Vivier Merle / Part-Dieu","code_insee":"69383","nbbornettes":"40","geometry":{"type":"Point","coordinates":[4.858934964995981,45.75733073867897]}}
{"_id":{"$oid":"5a8c554449eebe7258dfde32"},"idstation":"10049","nom":"Préssensé","code_insee":"69266","nbbornettes":"16","geometry":{"type":"Point","coordinates":[4.896723707091349,45.76918019445722]}}
{"_id":{"$oid":"5a8c554449eebe7258dfde33"},"idstation":"4002","nom":"Mairie du 4e","code_insee":"69384","nbbornettes":"20","geometry":{"type":"Point","coordinates":[4.827765221864175,45.77420044069996]}}
{"_id":{"$oid":"5a8c554449eebe7258dfde34"},"idstation":"4003","nom":"Place Cdt Arnaud","code_insee":"69384","nbbornettes":"17","geometry":{"type":"Point","coordinates":[4.834707282451078,45.77972515196756]}}
{"_id":{"$oid":"5a8c554449eebe7258dfde35"},"idstation":"4006","nom":"Philippe de Lassalle","code_insee":"69384","nbbornettes":"22","geometry":{"type":"Point","coordinates":[4.821279262555681,45.77331050537247]}}
{"_id":{"$oid":"5a8c554449eebe7258dfde36"},"idstation":"4007","nom":"Place Flammarion","code_insee":"69384","nbbornettes":"18","geometry":{"type":"Point","coordinates":[4.820244929131677,45.77929010591582]}}
{"_id":{"$oid":"5a8c554449eebe7258dfde37"},"idstation":"10011","nom":"Gratte-Ciel","code_insee":"69266","nbbornettes":"16","geometry":{"type":"Point","coordinates":[4.880584911126991,45.76921207358222]}}
{"_id":{"$oid":"5a8c554449eebe7258dfde38"},"idstation":"10013","nom":"Cusset","code_insee":"69266","nbbornettes":"20","geometry":{"type":"Point","coordinates":[4.901132892820298,45.765042266927715]}}
{"_id":{"$oid":"5a8c554449eebe7258dfde39"},"idstation":"10018","nom":"Tolstoï / Florian","code_insee":"69266","nbbornettes":"11","geometry":{"type":"Point","coordinates":[4.880737779691741,45.76171635052216]}}
{"_id":{"$oid":"5a8c554449eebe7258dfde3a"},"idstation":"10028","nom":"Ecole de musique","code_insee":"69266","nbbornettes":"24","geometry":{"type":"Point","coordinates":[4.873966209868982,45.767534302007626]}}
{"_id":{"$oid":"5a8c554449eebe7258dfde3b"},"idstation":"10012","nom":"Zola / France","code_insee":"69266","nbbornettes":"16","geometry":{"type":"Point","coordinates":[4.887123720059193,45.76807042021458]}}
{"_id":{"$oid":"5a8c554449eebe7258dfde3c"},"idstation":"8042","nom":"Francis de Pressenssé","code_insee":"69388","nbbornettes":"22","geometry":{"type":"Point","coordinates":[4.860265816333036,45.73146878518792]}}
{"_id":{"$oid":"5a8c554449eebe7258dfde3d"},"idstation":"3029","nom":"Place Aristide Briand","code_insee":"69383","nbbornettes":"23","geometry":{"type":"Point","coordinates":[4.850247427219969,45.7530043530221]}}
{"_id":{"$oid":"5a8c554449eebe7258dfde3e"},"idstation":"5044","nom":"Champvert","code_insee":"69385","nbbornettes":"20","geometry":{"type":"Point","coordinates":[4.796626764916889,45.759797191693984]}}
{"_id":{"$oid":"5a8c554449eebe7258dfde3f"},"idstation":"5045","nom":"Valdo / Rivet","code_insee":"69385","nbbornettes":"18","geometry":{"type":"Point","coordinates":[4.788774121103121,45.750481483431024]}}
{"_id":{"$oid":"5a8c554449eebe7258dfde40"},"idstation":"5054","nom":"Champvert","code_insee":"69385","nbbornettes":"18","geometry":{"type":"Point","coordinates":[4.792714308107986,45.76389776742475]}}
{"_id":{"$oid":"5a8c554449eebe7258dfde41"},"idstation":"9040","nom":"Place Rhodiaceta","code_insee":"69389","nbbornettes":"12","geometry":{"type":"Point","coordinates":[4.807612893271322,45.771005567625956]}}
{"_id":{"$oid":"5a8c554449eebe7258dfde42"},"idstation":"9049","nom":"Sergent Berthet / Gorge de Loup","code_insee":"69389","nbbornettes":"16","geometry":{"type":"Point","coordinates":[4.805158003014946,45.770134072017605]}}
{"_id":{"$oid":"5a8c554449eebe7258dfde43"},"idstation":"10046","nom":"Charmettes / Zola","code_insee":"69266","nbbornettes":"24","geometry":{"type":"Point","coordinates":[4.867153097096587,45.77074670098018]}}
{"_id":{"$oid":"5a8c554449eebe7258dfde44"},"idstation":"9043","nom":"Marietton ouest","code_insee":"69389","nbbornettes":"20","geometry":{"type":"Point","coordinates":[4.799714958266788,45.7760919647711]}}
{"_id":{"$oid":"5a8c554449eebe7258dfde45"},"idstation":"9044","nom":"Masset / St Pierre de Vaise","code_insee":"69389","nbbornettes":"16","geometry":{"type":"Point","coordinates":[4.800900483241143,45.770476920064574]}}
{"_id":{"$oid":"5a8c554449eebe7258dfde46"},"idstation":"9010","nom":"Piscine de Vaise","code_insee":"69389","nbbornettes":"19","geometry":{"type":"Point","coordinates":[4.796540289184228,45.77094103106504]}}
{"_id":{"$oid":"5a8c554449eebe7258dfde47"},"idstation":"5055","nom":"Buyer / Apollinaire","code_insee":"69385","nbbornettes":"22","geometry":{"type":"Point","coordinates":[4.803061397228263,45.76179861948484]}}
{"_id":{"$oid":"5a8c554549eebe7258dfde48"},"idstation":"9033","nom":"Gorge de Loup","code_insee":"69389","nbbornettes":"40","geometry":{"type":"Point","coordinates":[4.805640280183443,45.76735626526236]}}
{"_id":{"$oid":"5a8c554549eebe7258dfde49"},"idstation":"7053","nom":"Jaurès / Thibaudière","code_insee":"69387","nbbornettes":"18","geometry":{"type":"Point","coordinates":[4.845192520164354,45.75026387369146]}}
{"_id":{"$oid":"5a8c554549eebe7258dfde4a"},"idstation":"8004","nom":"Mairie 8e","code_insee":"69388","nbbornettes":"21","geometry":{"type":"Point","coordinates":[4.872696823702742,45.73520632348632]}}
{"_id":{"$oid":"5a8c554549eebe7258dfde4b"},"idstation":"8002","nom":"Place Ambroise Courtois","code_insee":"69388","nbbornettes":"20","geometry":{"type":"Point","coordinates":[4.871589566321497,45.74533445661316]}}
{"_id":{"$oid":"5a8c554549eebe7258dfde4c"},"idstation":"8021","nom":"Paul Santy","code_insee":"69388","nbbornettes":"16","geometry":{"type":"Point","coordinates":[4.877621239288193,45.72828140651559]}}
{"_id":{"$oid":"5a8c554549eebe7258dfde4d"},"idstation":"8025","nom":"Dumont / Jouvet","code_insee":"69388","nbbornettes":"17","geometry":{"type":"Point","coordinates":[4.860993773679107,45.74446062899426]}}
{"_id":{"$oid":"5a8c554549eebe7258dfde4e"},"idstation":"8039","nom":"Pierre Delore","code_insee":"69388","nbbornettes":"20","geometry":{"type":"Point","coordinates":[4.852286010941524,45.73874109234197]}}
{"_id":{"$oid":"5a8c554549eebe7258dfde4f"},"idstation":"10002","nom":"INSA","code_insee":"69266","nbbornettes":"40","geometry":{"type":"Point","coordinates":[4.876879924443672,45.782189644124585]}}
{"_id":{"$oid":"5a8c554549eebe7258dfde50"},"idstation":"10025","nom":"Totem","code_insee":"69266","nbbornettes":"20","geometry":{"type":"Point","coordinates":[4.873141087880779,45.7636407030235]}}
{"_id":{"$oid":"5a8c554549eebe7258dfde51"},"idstation":"10054","nom":"Stalingrad / Meliès","code_insee":"69266","nbbornettes":"24","geometry":{"type":"Point","coordinates":[4.859523353791579,45.77670575780195]}}
{"_id":{"$oid":"5a8c554549eebe7258dfde52"},"idstation":"10056","nom":"11 novembre / Gaston Berger","code_insee":"69266","nbbornettes":"35","geometry":{"type":"Point","coordinates":[4.871952195102796,45.77911218859248]}}
{"_id":{"$oid":"5a8c554549eebe7258dfde53"},"idstation":"10058","nom":"métro Flachet","code_insee":"69266","nbbornettes":"22","geometry":{"type":"Point","coordinates":[4.892150426234925,45.76712638642693]}}
{"_id":{"$oid":"5a8c554549eebe7258dfde54"},"idstation":"10071","nom":"Lycée Marie Curie","code_insee":"69266","nbbornettes":"20","geometry":{"type":"Point","coordinates":[4.896454329321255,45.7615596406929]}}
{"_id":{"$oid":"5a8c554549eebe7258dfde55"},"idstation":"5030","nom":"Charcot / Résidence universitaire","code_insee":"69385","nbbornettes":"32","geometry":{"type":"Point","coordinates":[4.807372769269818,45.754798196380854]}}
{"_id":{"$oid":"5a8c554549eebe7258dfde56"},"idstation":"5008","nom":"Sainte Irénée","code_insee":"69385","nbbornettes":"20","geometry":{"type":"Point","coordinates":[4.812727209530722,45.75543675909455]}}
{"_id":{"$oid":"5a8c554549eebe7258dfde57"},"idstation":"10061","nom":"République","code_insee":"69266","nbbornettes":"18","geometry":{"type":"Point","coordinates":[4.87295938886729,45.77078384006838]}}
{"_id":{"$oid":"5a8c554549eebe7258dfde58"},"idstation":"10073","nom":"Institut d'Art contemporain","code_insee":"69266","nbbornettes":"15","geometry":{"type":"Point","coordinates":[4.872462262056682,45.761535426174646]}}
{"_id":{"$oid":"5a8c554549eebe7258dfde59"},"idstation":"10074","nom":"Zola / Passage Rey","code_insee":"69266","nbbornettes":"19","geometry":{"type":"Point","coordinates":[4.876948414711539,45.77004808781788]}}
{"_id":{"$oid":"5a8c554549eebe7258dfde5a"},"idstation":"2036","nom":"Place A.Gourju","code_insee":"69382","nbbornettes":"20","geometry":{"type":"Point","coordinates":[4.830144677072242,45.759469884821726]}}
{"_id":{"$oid":"5a8c554549eebe7258dfde5b"},"idstation":"5053","nom":"St Just","code_insee":"69385","nbbornettes":"18","geometry":{"type":"Point","coordinates":[4.819314497750852,45.756082553797015]}}
{"_id":{"$oid":"5a8c554549eebe7258dfde5c"},"idstation":"2042","nom":"Joffre / Vaubecour","code_insee":"69382","nbbornettes":"20","geometry":{"type":"Point","coordinates":[4.824734489315992,45.751848242755536]}}
{"_id":{"$oid":"5a8c554549eebe7258dfde5d"},"idstation":"5047","nom":"Albéric Pont","code_insee":"69385","nbbornettes":"16","geometry":{"type":"Point","coordinates":[4.80445892719369,45.75344219422169]}}
{"_id":{"$oid":"5a8c554549eebe7258dfde5e"},"idstation":"10063","nom":"Perrin / Jean Jaurès","code_insee":"69266","nbbornettes":"34","geometry":{"type":"Point","coordinates":[4.885612754254137,45.758389382918224]}}
{"_id":{"$oid":"5a8c554549eebe7258dfde5f"},"idstation":"10021","nom":"GrandClément","code_insee":"69266","nbbornettes":"19","geometry":{"type":"Point","coordinates":[4.889863617962159,45.75971169359101]}}
{"_id":{"$oid":"5a8c554549eebe7258dfde60"},"idstation":"8038","nom":"Albert Thomas / Villon","code_insee":"69388","nbbornettes":"20","geometry":{"type":"Point","coordinates":[4.867283346801929,45.7467702121095]}}
{"_id":{"$oid":"5a8c554549eebe7258dfde61"},"idstation":"7045","nom":"Parc des Berges","code_insee":"69387","nbbornettes":"20","geometry":{"type":"Point","coordinates":[4.824487880196702,45.73775209868145]}}
{"_id":{"$oid":"5a8c554549eebe7258dfde62"},"idstation":"6045","nom":"Brotteaux / Vauban","code_insee":"69386","nbbornettes":"15","geometry":{"type":"Point","coordinates":[4.856833385865118,45.766296077116884]}}
{"_id":{"$oid":"5a8c554549eebe7258dfde63"},"idstation":"7062","nom":"Garibaldi / Domer","code_insee":"69387","nbbornettes":"19","geometry":{"type":"Point","coordinates":[4.851597928933066,45.74772702486593]}}
{"_id":{"$oid":"5a8c554549eebe7258dfde64"},"idstation":"8056","nom":"Delore / Audibert \u0026 Lavirotte","code_insee":"69388","nbbornettes":"20","geometry":{"type":"Point","coordinates":[4.8568128186712,45.73579523205929]}}
{"_id":{"$oid":"5a8c554549eebe7258dfde65"},"idstation":"8015","nom":"Bd Jean XXIII","code_insee":"69388","nbbornettes":"16","geometry":{"type":"Point","coordinates":[4.874185281750019,45.740301601398706]}}
{"_id":{"$oid":"5a8c554549eebe7258dfde66"},"idstation":"7057","nom":"Jaurès / Bollier","code_insee":"69387","nbbornettes":"24","geometry":{"type":"Point","coordinates":[4.83545738244912,45.73468184291485]}}
{"_id":{"$oid":"5a8c554549eebe7258dfde67"},"idstation":"7007","nom":"Farge / Ayasse","code_insee":"69387","nbbornettes":"20","geometry":{"type":"Point","coordinates":[4.827719155961223,45.7356738897812]}}
{"_id":{"$oid":"5a8c554649eebe7258dfde68"},"idstation":"7064","nom":"CROUS","code_insee":"69387","nbbornettes":"17","geometry":{"type":"Point","coordinates":[4.847858829654866,45.7453992340993]}}
{"_id":{"$oid":"5a8c554649eebe7258dfde69"},"idstation":"1003","nom":"Place Sathonay","code_insee":"69381","nbbornettes":"15","geometry":{"type":"Point","coordinates":[4.830079788769563,45.76926584625129]}}
{"_id":{"$oid":"5a8c554649eebe7258dfde6a"},"idstation":"7018","nom":"Lycée Louise Labé","code_insee":"69387","nbbornettes":"20","geometry":{"type":"Point","coordinates":[4.832109244608898,45.74025919013992]}}
{"_id":{"$oid":"5a8c554649eebe7258dfde6b"},"idstation":"7056","nom":"Place Raspail","code_insee":"69387","nbbornettes":"22","geometry":{"type":"Point","coordinates":[4.840695360385709,45.75575689667429]}}
{"_id":{"$oid":"5a8c554649eebe7258dfde6c"},"idstation":"2012","nom":"Gailleton","code_insee":"69382","nbbornettes":"16","geometry":{"type":"Point","coordinates":[4.833353843957238,45.75345491421144]}}
{"_id":{"$oid":"5a8c554649eebe7258dfde6d"},"idstation":"7061","nom":"Jaurès / Université","code_insee":"69387","nbbornettes":"20","geometry":{"type":"Point","coordinates":[4.843237948103862,45.74854285671644]}}
{"_id":{"$oid":"5a8c554649eebe7258dfde6e"},"idstation":"8008","nom":"Beauvisage / Préssensé","code_insee":"69388","nbbornettes":"10","geometry":{"type":"Point","coordinates":[4.863517590439339,45.72788854571281]}}
{"_id":{"$oid":"5a8c554649eebe7258dfde6f"},"idstation":"10031","nom":"Croix Luizet","code_insee":"69266","nbbornettes":"22","geometry":{"type":"Point","coordinates":[4.88349957514267,45.78071984775442]}}
{"_id":{"$oid":"5a8c554649eebe7258dfde70"},"idstation":"1016","nom":"Pêcherie","code_insee":"69381","nbbornettes":"17","geometry":{"type":"Point","coordinates":[4.83110736608632,45.765949493943616]}}
{"_id":{"$oid":"5a8c554649eebe7258dfde71"},"idstation":"3084","nom":"Desaix","code_insee":"69383","nbbornettes":"28","geometry":{"type":"Point","coordinates":[4.855200856422818,45.75726125992516]}}
{"_id":{"$oid":"5a8c554649eebe7258dfde72"},"idstation":"10120","nom":"Salengro / Descartes","code_insee":"69266","nbbornettes":"15","geometry":{"type":"Point","coordinates":[4.871629178144365,45.77625175150645]}}
{"_id":{"$oid":"5a8c554649eebe7258dfde73"},"idstation":"6044","nom":"Charmettes / Bellecombe","code_insee":"69386","nbbornettes":"16","geometry":{"type":"Point","coordinates":[4.865084163871062,45.766370349317626]}}
{"_id":{"$oid":"5a8c554649eebe7258dfde74"},"idstation":"10122","nom":"Verdun / Desgrand","code_insee":"69266","nbbornettes":"21","geometry":{"type":"Point","coordinates":[4.897085924118777,45.78405134368474]}}
{"_id":{"$oid":"5a8c554649eebe7258dfde75"},"idstation":"3018","nom":"Créqui / Voltaire","code_insee":"69383","nbbornettes":"30","geometry":{"type":"Point","coordinates":[4.848405333168788,45.75669926818415]}}
{"_id":{"$oid":"5a8c554649eebe7258dfde76"},"idstation":"3101","nom":"Patinoire Baraban","code_insee":"69383","nbbornettes":"20","geometry":{"type":"Point","coordinates":[4.868611124870175,45.76258566461854]}}
{"_id":{"$oid":"5a8c554649eebe7258dfde77"},"idstation":"10121","nom":"Parc du Centre","code_insee":"69266","nbbornettes":"16","geometry":{"type":"Point","coordinates":[4.879059576662246,45.77192496867655]}}
{"_id":{"$oid":"5a8c554649eebe7258dfde78"},"idstation":"10092","nom":"Montgolfier / Château Gaillard","code_insee":"69266","nbbornettes":"17","geometry":{"type":"Point","coordinates":[4.890369565771878,45.77155773766754]}}
{"_id":{"$oid":"5a8c554649eebe7258dfde79"},"idstation":"8051","nom":"Hôpital St-Jean de Dieu","code_insee":"69259","nbbornettes":"20","geometry":{"type":"Point","coordinates":[4.854152127127522,45.72427050288891]}}
{"_id":{"$oid":"5a8c554649eebe7258dfde7a"},"idstation":"8057","nom":"Vienne  / Montagny","code_insee":"69388","nbbornettes":"20","geometry":{"type":"Point","coordinates":[4.853420215601902,45.73236036343563]}}
{"_id":{"$oid":"5a8c554649eebe7258dfde7b"},"idstation":"8059","nom":"Laennec/Pinel","code_insee":"69388","nbbornettes":"18","geometry":{"type":"Point","coordinates":[4.889583976281175,45.73534602254603]}}
{"_id":{"$oid":"5a8c554649eebe7258dfde7c"},"idstation":"3090","nom":"Vinatier","code_insee":"69383","nbbornettes":"17","geometry":{"type":"Point","coordinates":[4.893499780980586,45.7419202027106]}}
{"_id":{"$oid":"5a8c554649eebe7258dfde7d"},"idstation":"3102","nom":"Dr Long / Aubépins","code_insee":"69383","nbbornettes":"16","geometry":{"type":"Point","coordinates":[4.894258745750597,45.75254290853366]}}
{"_id":{"$oid":"5a8c554649eebe7258dfde7e"},"idstation":"5050","nom":"Théâtre Romain","code_insee":"69385","nbbornettes":"12","geometry":{"type":"Point","coordinates":[4.821086641548253,45.75836239602929]}}
{"_id":{"$oid":"5a8c554649eebe7258dfde7f"},"idstation":"3079","nom":"Place Louise","code_insee":"69383","nbbornettes":"16","geometry":{"type":"Point","coordinates":[4.88482046365007,45.75120525088192]}}
{"_id":{"$oid":"5a8c554649eebe7258dfde80"},"idstation":"8054","nom":"Martinière Monplaisir","code_insee":"69388","nbbornettes":"20","geometry":{"type":"Point","coordinates":[4.868206545176992,45.74084726438675]}}
{"_id":{"$oid":"5a8c554649eebe7258dfde81"},"idstation":"3008","nom":"Institut Lumière","code_insee":"69383","nbbornettes":"18","geometry":{"type":"Point","coordinates":[4.8706875747776,45.74580956929111]}}
{"_id":{"$oid":"5a8c554649eebe7258dfde82"},"idstation":"10113","nom":"Gare de Villeurbanne","code_insee":"69266","nbbornettes":"22","geometry":{"type":"Point","coordinates":[4.891489432708598,45.755766854637514]}}
{"_id":{"$oid":"5a8c554649eebe7258dfde83"},"idstation":"3091","nom":"Hôpital Neurologique","code_insee":"69383","nbbornettes":"30","geometry":{"type":"Point","coordinates":[4.896957057546001,45.74818329384317]}}
{"_id":{"$oid":"5a8c554649eebe7258dfde84"},"idstation":"8053","nom":"Lumière/Trouilhet","code_insee":"69388","nbbornettes":"16","geometry":{"type":"Point","coordinates":[4.870105969141732,45.74357206905033]}}
{"_id":{"$oid":"5a8c554649eebe7258dfde85"},"idstation":"3080","nom":"Part-Dieu / Villette","code_insee":"69383","nbbornettes":"30","geometry":{"type":"Point","coordinates":[4.86167388058994,45.76005505781484]}}
{"_id":{"$oid":"5a8c554649eebe7258dfde86"},"idstation":"3083","nom":"Les Halles","code_insee":"69383","nbbornettes":"18","geometry":{"type":"Point","coordinates":[4.850486257391266,45.761518927436406]}}
{"_id":{"$oid":"5a8c554649eebe7258dfde87"},"idstation":"3002","nom":"Part-Dieu / Gare SNCF","code_insee":"69383","nbbornettes":"32","geometry":{"type":"Point","coordinates":[4.85873229454524,45.76011911271885]}}
{"_id":{"$oid":"5a8c554649eebe7258dfde88"},"idstation":"2002","nom":"Bellecour / St Exupéry","code_insee":"69382","nbbornettes":"20","geometry":{"type":"Point","coordinates":[4.83043945355408,45.75826204300019]}}
{"_id":{"$oid":"5a8c554749eebe7258dfde89"},"idstation":"7020","nom":"Parc de Gerland","code_insee":"69387","nbbornettes":"26","geometry":{"type":"Point","coordinates":[4.827130628192127,45.724093349119556]}}
{"_id":{"$oid":"5a8c554749eebe7258dfde8a"},"idstation":"1023","nom":"Croix Rousse / Perfetti","code_insee":"69381","nbbornettes":"20","geometry":{"type":"Point","coordinates":[4.819488852022704,45.77228485852263]}}
{"_id":{"$oid":"5a8c554749eebe7258dfde8b"},"idstation":"2001","nom":"Bellecour / République","code_insee":"69382","nbbornettes":"18","geometry":{"type":"Point","coordinates":[4.834636392809252,45.75796251591309]}}
{"_id":{"$oid":"5a8c554749eebe7258dfde8c"},"idstation":"3015","nom":"Servient / Garibaldi","code_insee":"69383","nbbornettes":"17","geometry":{"type":"Point","coordinates":[4.852510591241066,45.76077670548128]}}
{"_id":{"$oid":"5a8c554749eebe7258dfde8d"},"idstation":"1020","nom":"Terreaux / Chenavard","code_insee":"69381","nbbornettes":"18","geometry":{"type":"Point","coordinates":[4.832933808684707,45.766805527688426]}}
{"_id":{"$oid":"5a8c554749eebe7258dfde8e"},"idstation":"1034","nom":"Carmélites","code_insee":"69381","nbbornettes":"16","geometry":{"type":"Point","coordinates":[4.82926950532075,45.77000157409108]}}
{"_id":{"$oid":"5a8c554749eebe7258dfde8f"},"idstation":"3024","nom":"Rockfeller / Esquirol","code_insee":"69383","nbbornettes":"19","geometry":{"type":"Point","coordinates":[4.885377197932872,45.74142311271295]}}
{"_id":{"$oid":"5a8c554749eebe7258dfde90"},"idstation":"5016","nom":"Mairie du 5e","code_insee":"69385","nbbornettes":"13","geometry":{"type":"Point","coordinates":[4.800962311239265,45.75756516287992]}}
{"_id":{"$oid":"5a8c554749eebe7258dfde91"},"idstation":"8024","nom":"Mermoz / Michelet","code_insee":"69388","nbbornettes":"9","geometry":{"type":"Point","coordinates":[4.878632059169187,45.73323738919139]}}
{"_id":{"$oid":"5a8c554749eebe7258dfde92"},"idstation":"1001","nom":"Terreaux / Terme","code_insee":"69381","nbbornettes":"16","geometry":{"type":"Point","coordinates":[4.83213506219083,45.767734686369856]}}
{"_id":{"$oid":"5a8c554749eebe7258dfde93"},"idstation":"9020","nom":"Bourbonnais","code_insee":"69389","nbbornettes":"12","geometry":{"type":"Point","coordinates":[4.800352459525916,45.77345839794622]}}
{"_id":{"$oid":"5a8c554749eebe7258dfde94"},"idstation":"10064","nom":"4 août 1789","code_insee":"69266","nbbornettes":"10","geometry":{"type":"Point","coordinates":[4.884318929113727,45.76482170451855]}}
{"_id":{"$oid":"5a8c554749eebe7258dfde95"},"idstation":"10055","nom":"Condorcet / Galline","code_insee":"69266","nbbornettes":"15","geometry":{"type":"Point","coordinates":[4.867114921992885,45.776453573141325]}}
{"_id":{"$oid":"5a8c554749eebe7258dfde96"},"idstation":"4004","nom":"Hénon","code_insee":"69384","nbbornettes":"22","geometry":{"type":"Point","coordinates":[4.827630442553354,45.779685500129276]}}
{"_id":{"$oid":"5a8c554749eebe7258dfde97"},"idstation":"10059","nom":"Anatole France / Zola","code_insee":"69266","nbbornettes":"13","geometry":{"type":"Point","coordinates":[4.884241513242611,45.768876317906674]}}
{"_id":{"$oid":"5a8c554749eebe7258dfde98"},"idstation":"10060","nom":"Saint Exupéry","code_insee":"69266","nbbornettes":"15","geometry":{"type":"Point","coordinates":[4.878975745689845,45.75878826090024]}}
{"_id":{"$oid":"5a8c554749eebe7258dfde99"},"idstation":"6007","nom":"Masséna","code_insee":"69386","nbbornettes":"20","geometry":{"type":"Point","coordinates":[4.852365271502476,45.769672180690506]}}
{"_id":{"$oid":"5a8c554749eebe7258dfde9a"},"idstation":"3043","nom":"Place Rouget de L'Isle","code_insee":"69383","nbbornettes":"16","geometry":{"type":"Point","coordinates":[4.86723027088668,45.75400878727338]}}
{"_id":{"$oid":"5a8c554749eebe7258dfde9b"},"idstation":"10024","nom":"Maisons Neuves","code_insee":"69266","nbbornettes":"13","geometry":{"type":"Point","coordinates":[4.87734642987402,45.75595102923561]}}
{"_id":{"$oid":"5a8c554749eebe7258dfde9c"},"idstation":"3086","nom":"Feuillat / Lacassagne","code_insee":"69383","nbbornettes":"16","geometry":{"type":"Point","coordinates":[4.876021992235341,45.74954695774357]}}
{"_id":{"$oid":"5a8c554749eebe7258dfde9d"},"idstation":"10041","nom":"Kimmerling","code_insee":"69266","nbbornettes":"16","geometry":{"type":"Point","coordinates":[4.898865662897636,45.75297239958678]}}
{"_id":{"$oid":"5a8c554749eebe7258dfde9e"},"idstation":"1022","nom":"Place Tolozan","code_insee":"69381","nbbornettes":"31","geometry":{"type":"Point","coordinates":[4.837658261238966,45.769604421996085]}}
{"_id":{"$oid":"5a8c554749eebe7258dfde9f"},"idstation":"2039","nom":"Charité / Récamier","code_insee":"69382","nbbornettes":"17","geometry":{"type":"Point","coordinates":[4.829844125752031,45.74925339549139]}}
{"_id":{"$oid":"5a8c554749eebe7258dfdea0"},"idstation":"1032","nom":"Pizay","code_insee":"69381","nbbornettes":"22","geometry":{"type":"Point","coordinates":[4.836391685356329,45.767200417220316]}}
{"_id":{"$oid":"5a8c554749eebe7258dfdea1"},"idstation":"2037","nom":"Place des Archives","code_insee":"69382","nbbornettes":"30","geometry":{"type":"Point","coordinates":[4.824925863189276,45.74792147946889]}}
{"_id":{"$oid":"5a8c554749eebe7258dfdea2"},"idstation":"8035","nom":"Sans Souci","code_insee":"69388","nbbornettes":"20","geometry":{"type":"Point","coordinates":[4.865285783031516,45.74724873382146]}}
{"_id":{"$oid":"5a8c554749eebe7258dfdea3"},"idstation":"4012","nom":"Place Adrien Godien","code_insee":"69384","nbbornettes":"19","geometry":{"type":"Point","coordinates":[4.840971623355241,45.77919850529233]}}
{"_id":{"$oid":"5a8c554749eebe7258dfdea4"},"idstation":"4014","nom":"Philippe de Lassalle / Pillement","code_insee":"69384","nbbornettes":"13","geometry":{"type":"Point","coordinates":[4.820491651894622,45.77740989199174]}}
{"_id":{"$oid":"5a8c554749eebe7258dfdea5"},"idstation":"4022","nom":"Place de la Croix-Rousse","code_insee":"69384","nbbornettes":"21","geometry":{"type":"Point","coordinates":[4.832501030153131,45.776063026901554]}}
{"_id":{"$oid":"5a8c554749eebe7258dfdea6"},"idstation":"7034","nom":"Piscine du Rhône","code_insee":"69387","nbbornettes":"15","geometry":{"type":"Point","coordinates":[4.838320095706191,45.75375807513608]}}
{"_id":{"$oid":"5a8c554749eebe7258dfdea7"},"idstation":"1021","nom":"Terreaux / Beaux Arts","code_insee":"69381","nbbornettes":"11","geometry":{"type":"Point","coordinates":[4.834284684093753,45.76709125654319]}}
{"_id":{"$oid":"5a8c554749eebe7258dfdea8"},"idstation":"1005","nom":"Meissonier","code_insee":"69381","nbbornettes":"10","geometry":{"type":"Point","coordinates":[4.832889708282154,45.76608860076567]}}
{"_id":{"$oid":"5a8c554849eebe7258dfdea9"},"idstation":"2020","nom":"Musée des Confluences","code_insee":"69382","nbbornettes":"20","geometry":{"type":"Point","coordinates":[4.818945534432254,45.73339029498572]}}
{"_id":{"$oid":"5a8c554849eebe7258dfdeaa"},"idstation":"10119","nom":"Villeurbanne Saint Jean","code_insee":"69266","nbbornettes":"12","geometry":{"type":"Point","coordinates":[4.904488845789296,45.78044582171094]}}
{"_id":{"$oid":"5a8c554849eebe7258dfdeab"},"idstation":"3050","nom":"Friche RVI","code_insee":"69383","nbbornettes":"20","geometry":{"type":"Point","coordinates":[4.875990305668452,45.748392003176626]}}
{"_id":{"$oid":"5a8c554849eebe7258dfdeac"},"idstation":"7024","nom":"Bancel / Chevreul","code_insee":"69387","nbbornettes":"16","geometry":{"type":"Point","coordinates":[4.840523165113189,45.74851888025405]}}
{"_id":{"$oid":"5a8c554849eebe7258dfdead"},"idstation":"5040","nom":"Place Crépu","code_insee":"69385","nbbornettes":"20","geometry":{"type":"Point","coordinates":[4.826223347995768,45.75787460077599]}}
{"_id":{"$oid":"5a8c554849eebe7258dfdeae"},"idstation":"2013","nom":"Célestins","code_insee":"69382","nbbornettes":"22","geometry":{"type":"Point","coordinates":[4.832071611386376,45.75993983258972]}}
{"_id":{"$oid":"5a8c554849eebe7258dfdeaf"},"idstation":"5041","nom":"L'Homme de la Roche","code_insee":"69385","nbbornettes":"21","geometry":{"type":"Point","coordinates":[4.820199922039738,45.76655003799012]}}
{"_id":{"$oid":"5a8c554849eebe7258dfdeb0"},"idstation":"3089","nom":"Trarieux / Lacassagne","code_insee":"69383","nbbornettes":"24","geometry":{"type":"Point","coordinates":[4.888964572397211,45.74531459273337]}}
{"_id":{"$oid":"5a8c554849eebe7258dfdeb1"},"idstation":"8061","nom":"Stade Vuillermet","code_insee":"69388","nbbornettes":"18","geometry":{"type":"Point","coordinates":[4.881419006318656,45.72533355692043]}}
{"_id":{"$oid":"5a8c554849eebe7258dfdeb2"},"idstation":"2014","nom":"Jacobins","code_insee":"69382","nbbornettes":"16","geometry":{"type":"Point","coordinates":[4.834287850258129,45.76074578048154]}}
{"_id":{"$oid":"5a8c554849eebe7258dfdeb3"},"idstation":"10115","nom":"Place d'Espagne / Stade Kruger","code_insee":"69266","nbbornettes":"22","geometry":{"type":"Point","coordinates":[4.905663889748618,45.75409793070992]}}
{"_id":{"$oid":"5a8c554849eebe7258dfdeb4"},"idstation":"10117","nom":"La Pérralière","code_insee":"69266","nbbornettes":"22","geometry":{"type":"Point","coordinates":[4.892333607182114,45.76456366652941]}}
{"_id":{"$oid":"5a8c554849eebe7258dfdeb5"},"idstation":"2041","nom":"Sala/Charité","code_insee":"69382","nbbornettes":"16","geometry":{"type":"Point","coordinates":[4.833011084685942,45.754473276309135]}}
{"_id":{"$oid":"5a8c554849eebe7258dfdeb6"},"idstation":"10016","nom":"Place de la paix","code_insee":"69266","nbbornettes":"17","geometry":{"type":"Point","coordinates":[4.914643008684632,45.752099728219314]}}
{"_id":{"$oid":"5a8c554849eebe7258dfdeb7"},"idstation":"1013","nom":"Martinière","code_insee":"69381","nbbornettes":"11","geometry":{"type":"Point","coordinates":[4.827621704471155,45.7682183165922]}}
{"_id":{"$oid":"5a8c554849eebe7258dfdeb8"},"idstation":"4001","nom":"Conservatoire bis","code_insee":"69384","nbbornettes":"22","geometry":{"type":"Point","coordinates":[4.814275628454221,45.77042813553427]}}
{"_id":{"$oid":"5a8c554849eebe7258dfdeb9"},"idstation":"10006","nom":"Charpennes","code_insee":"69266","nbbornettes":"32","geometry":{"type":"Point","coordinates":[4.863132722360224,45.77022676914935]}}
{"_id":{"$oid":"5a8c554849eebe7258dfdeba"},"idstation":"2038","nom":"Remparts d'Ainay","code_insee":"69382","nbbornettes":"16","geometry":{"type":"Point","coordinates":[4.82964894792985,45.75307986124447]}}
{"_id":{"$oid":"5a8c554849eebe7258dfdebb"},"idstation":"9041","nom":"Carret / Sédaillan","code_insee":"69389","nbbornettes":"18","geometry":{"type":"Point","coordinates":[4.820635167984586,45.79256726534583]}}
{"_id":{"$oid":"5a8c554849eebe7258dfdebc"},"idstation":"9008","nom":"L'Ile Barbe","code_insee":"69389","nbbornettes":"16","geometry":{"type":"Point","coordinates":[4.829084443497945,45.79739124128059]}}
{"_id":{"$oid":"5a8c554849eebe7258dfdebd"},"idstation":"4042","nom":"Grégory Coupet","code_insee":"69384","nbbornettes":"16","geometry":{"type":"Point","coordinates":[4.820600046127587,45.78170010676795]}}
{"_id":{"$oid":"5a8c554849eebe7258dfdebe"},"idstation":"10114","nom":"Bel Air / Les Brosses","code_insee":"69266","nbbornettes":"20","geometry":{"type":"Point","coordinates":[4.910806708668668,45.75790707323609]}}
{"_id":{"$oid":"5a8c554849eebe7258dfdebf"},"idstation":"1036","nom":"Aveyron","code_insee":"69381","nbbornettes":"17","geometry":{"type":"Point","coordinates":[4.832815008760463,45.77437161575555]}}
{"_id":{"$oid":"5a8c554849eebe7258dfdec0"},"idstation":"4041","nom":"Boussange / Austerlitz","code_insee":"69384","nbbornettes":"18","geometry":{"type":"Point","coordinates":[4.835062545291406,45.77550235904858]}}
{"_id":{"$oid":"5a8c554849eebe7258dfdec1"},"idstation":"1035","nom":"Quai Lassagne","code_insee":"69381","nbbornettes":"16","geometry":{"type":"Point","coordinates":[4.837911792926473,45.772201469257226]}}
{"_id":{"$oid":"5a8c554849eebe7258dfdec2"},"idstation":"6042","nom":"Cité Internationale / Résidence hôtelière","code_insee":"69386","nbbornettes":"28","geometry":{"type":"Point","coordinates":[4.855615427920815,45.78485574054305]}}
{"_id":{"$oid":"5a8c554849eebe7258dfdec3"},"idstation":"6041","nom":"Cité Internationale / Tête d'Or nord","code_insee":"69386","nbbornettes":"22","geometry":{"type":"Point","coordinates":[4.85963914713868,45.784611049886635]}}
{"_id":{"$oid":"5a8c554849eebe7258dfdec4"},"idstation":"6008","nom":"Place Jules Ferry","code_insee":"69386","nbbornettes":"20","geometry":{"type":"Point","coordinates":[4.859070556738344,45.76841226137646]}}
{"_id":{"$oid":"5a8c554849eebe7258dfdec5"},"idstation":"3094","nom":"Villette","code_insee":"69383","nbbornettes":"30","geometry":{"type":"Point","coordinates":[4.861496585940112,45.75776455642353]}}
{"_id":{"$oid":"5a8c554849eebe7258dfdec6"},"idstation":"3099","nom":"Place Sainte Anne","code_insee":"69383","nbbornettes":"18","geometry":{"type":"Point","coordinates":[4.865441659195346,45.75695497472752]}}
{"_id":{"$oid":"5a8c554849eebe7258dfdec7"},"idstation":"3100","nom":"Sisley / Dauphiné","code_insee":"69383","nbbornettes":"17","geometry":{"type":"Point","coordinates":[4.868799714361196,45.752817000940254]}}
{"_id":{"$oid":"5a8c554849eebe7258dfdec8"},"idstation":"6016","nom":"Viabert / Thiers","code_insee":"69386","nbbornettes":"16","geometry":{"type":"Point","coordinates":[4.862092278200751,45.76598798338235]}}
{"_id":{"$oid":"5a8c554949eebe7258dfdec9"},"idstation":"6031","nom":"Lafayette / Corneille","code_insee":"69386","nbbornettes":"13","geometry":{"type":"Point","coordinates":[4.843742578390699,45.76374999561221]}}
{"_id":{"$oid":"5a8c554949eebe7258dfdeca"},"idstation":"7038","nom":"Place Stalingard","code_insee":"69387","nbbornettes":"13","geometry":{"type":"Point","coordinates":[4.852944254794118,45.74955534413394]}}
{"_id":{"$oid":"5a8c554949eebe7258dfdecb"},"idstation":"5031","nom":"Ménival / J. Curie","code_insee":"69385","nbbornettes":"20","geometry":{"type":"Point","coordinates":[4.788200511956538,45.754647082768834]}}
{"_id":{"$oid":"5a8c554949eebe7258dfdecc"},"idstation":"3085","nom":"Sacré Coeur","code_insee":"69383","nbbornettes":"16","geometry":{"type":"Point","coordinates":[4.868395040197143,45.7578296698746]}}
{"_id":{"$oid":"5a8c554949eebe7258dfdecd"},"idstation":"4025","nom":"Chazière","code_insee":"69384","nbbornettes":"20","geometry":{"type":"Point","coordinates":[4.817889929552504,45.77542246689847]}}
{"_id":{"$oid":"5a8c554949eebe7258dfdece"},"idstation":"1006","nom":"Subsistances","code_insee":"69381","nbbornettes":"22","geometry":{"type":"Point","coordinates":[4.819816657420369,45.76789576947694]}}
{"_id":{"$oid":"5a8c554949eebe7258dfdecf"},"idstation":"7005","nom":"Debourg","code_insee":"69387","nbbornettes":"20","geometry":{"type":"Point","coordinates":[4.833916130030677,45.73167772098127]}}
{"_id":{"$oid":"5a8c554949eebe7258dfded0"},"idstation":"4024","nom":"Lyon Métropole","code_insee":"69384","nbbornettes":"25","geometry":{"type":"Point","coordinates":[4.818560286672528,45.78817001882366]}}
{"_id":{"$oid":"5a8c554949eebe7258dfded1"},"idstation":"3036","nom":"Félix Faure / Vivier Merle","code_insee":"69383","nbbornettes":"35","geometry":{"type":"Point","coordinates":[4.859863339774901,45.753799458227306]}}
{"_id":{"$oid":"5a8c554949eebe7258dfded2"},"idstation":"4023","nom":"Pont Mazaryk","code_insee":"69384","nbbornettes":"22","geometry":{"type":"Point","coordinates":[4.810698606641112,45.77817206741968]}}
{"_id":{"$oid":"5a8c554949eebe7258dfded3"},"idstation":"2004","nom":"Perrache / Carnot","code_insee":"69382","nbbornettes":"18","geometry":{"type":"Point","coordinates":[4.828051501355155,45.75009964332607]}}
{"_id":{"$oid":"5a8c554949eebe7258dfded4"},"idstation":"7052","nom":"Parc Blandan","code_insee":"69387","nbbornettes":"25","geometry":{"type":"Point","coordinates":[4.851189942061625,45.74596239999429]}}
{"_id":{"$oid":"5a8c554949eebe7258dfded5"},"idstation":"11003","nom":"La Rochette","code_insee":"69034","nbbornettes":"20","geometry":{"type":"Point","coordinates":[4.823597023963744,45.791670182603994]}}
{"_id":{"$oid":"5a8c554949eebe7258dfded6"},"idstation":"4026","nom":"Birmingham","code_insee":"69384","nbbornettes":"20","geometry":{"type":"Point","coordinates":[4.813416257160399,45.774631109801675]}}
{"_id":{"$oid":"5a8c554949eebe7258dfded7"},"idstation":"3066","nom":"Kimmerling / Faure","code_insee":"69383","nbbornettes":"20","geometry":{"type":"Point","coordinates":[4.86346591659575,45.754263170859886]}}
{"_id":{"$oid":"5a8c554949eebe7258dfded8"},"idstation":"3103","nom":"Place Danton","code_insee":"69383","nbbornettes":"18","geometry":{"type":"Point","coordinates":[4.857546398521348,45.75483399472108]}}
{"_id":{"$oid":"5a8c554949eebe7258dfded9"},"idstation":"3082","nom":"Place Bahadourian","code_insee":"69383","nbbornettes":"18","geometry":{"type":"Point","coordinates":[4.845108595355385,45.75762292285842]}}
{"_id":{"$oid":"5a8c554949eebe7258dfdeda"},"idstation":"10116","nom":"Blum / Faÿs","code_insee":"69266","nbbornettes":"17","geometry":{"type":"Point","coordinates":[4.906210333106445,45.760610909807234]}}
{"_id":{"$oid":"5a8c554949eebe7258dfdedb"},"idstation":"10118","nom":"Voyant / Chambord","code_insee":"69266","nbbornettes":"22","geometry":{"type":"Point","coordinates":[4.900599160743398,45.767153312728034]}}
{"_id":{"$oid":"5a8c554949eebe7258dfdedc"},"idstation":"7008","nom":"Jean Jaurès / Guillotière","code_insee":"69387","nbbornettes":"10","geometry":{"type":"Point","coordinates":[4.846363220053329,45.752573064361876]}}
{"_id":{"$oid":"5a8c554949eebe7258dfdedd"},"idstation":"8060","nom":"Santy / Beauvisage","code_insee":"69388","nbbornettes":"22","geometry":{"type":"Point","coordinates":[4.874244913775125,45.731756154042]}}
{"_id":{"$oid":"5a8c554949eebe7258dfdede"},"idstation":"10111","nom":"Charles Hernu","code_insee":"69266","nbbornettes":"16","geometry":{"type":"Point","coordinates":[4.862257819658227,45.770333043820656]}}
{"_id":{"$oid":"5a8c554949eebe7258dfdedf"},"idstation":"9052","nom":"Balmont","code_insee":"69389","nbbornettes":"12","geometry":{"type":"Point","coordinates":[4.799160340972627,45.78931518758451]}}
{"_id":{"$oid":"5a8c554949eebe7258dfdee0"},"idstation":"10084","nom":"Doua / Avenue des Arts","code_insee":"69266","nbbornettes":"30","geometry":{"type":"Point","coordinates":[4.871273110410492,45.78351367931986]}}
{"_id":{"$oid":"5a8c554949eebe7258dfdee1"},"idstation":"10103","nom":"DOUA / Rue des sports","code_insee":"69266","nbbornettes":"30","geometry":{"type":"Point","coordinates":[4.87740423257663,45.78448518723843]}}
{"_id":{"$oid":"5a8c554a49eebe7258dfdee2"},"idstation":"10102","nom":"DOUA / Gaston Berger","code_insee":"69266","nbbornettes":"30","geometry":{"type":"Point","coordinates":[4.87132691289157,45.78094447974102]}}
{"_id":{"$oid":"5a8c554a49eebe7258dfdee3"},"idstation":"10001","nom":"IUT/ Feyssine","code_insee":"69266","nbbornettes":"30","geometry":{"type":"Point","coordinates":[4.882410401534903,45.7856324623545]}}
{"_id":{"$oid":"5a8c554a49eebe7258dfdee4"},"idstation":"10080","nom":"Vaillant/Perroncel","code_insee":"69266","nbbornettes":"17","geometry":{"type":"Point","coordinates":[4.880289871334019,45.775425991547074]}}
{"_id":{"$oid":"5a8c554a49eebe7258dfdee5"},"idstation":"10112","nom":"Place de la Reconnaissance","code_insee":"69266","nbbornettes":"32","geometry":{"type":"Point","coordinates":[4.88513867618816,45.75453599067611]}}
{"_id":{"$oid":"5a8c554a49eebe7258dfdee6"},"idstation":"10087","nom":"Baratin","code_insee":"69266","nbbornettes":"12","geometry":{"type":"Point","coordinates":[4.900696968320919,45.76060375736817]}}
{"_id":{"$oid":"5a8c554a49eebe7258dfdee7"},"idstation":"10088","nom":"4 août 1789 / Pressensé","code_insee":"69266","nbbornettes":"19","geometry":{"type":"Point","coordinates":[4.898703142796237,45.766058743658895]}}
{"_id":{"$oid":"5a8c554a49eebe7258dfdee8"},"idstation":"10083","nom":"Château Gaillard / Bienvenus","code_insee":"69266","nbbornettes":"15","geometry":{"type":"Point","coordinates":[4.884244285772836,45.777864915253566]}}
{"_id":{"$oid":"5a8c554a49eebe7258dfdee9"},"idstation":"10035","nom":"Boiron Grangé","code_insee":"69266","nbbornettes":"16","geometry":{"type":"Point","coordinates":[4.900479530365132,45.763158795690586]}}
{"_id":{"$oid":"5a8c554a49eebe7258dfdeea"},"idstation":"10101","nom":"Einstein / 11 novembre 1918","code_insee":"69266","nbbornettes":"34","geometry":{"type":"Point","coordinates":[4.874331308747118,45.77947377290515]}}
{"_id":{"$oid":"5a8c554a49eebe7258dfdeeb"},"idstation":"7055","nom":"Servant / Jaboulay","code_insee":"69387","nbbornettes":"16","geometry":{"type":"Point","coordinates":[4.842012961917595,45.74675907969272]}}
{"_id":{"$oid":"5a8c554a49eebe7258dfdeec"},"idstation":"10014","nom":"Gare Laurent Bonnevay","code_insee":"69266","nbbornettes":"29","geometry":{"type":"Point","coordinates":[4.909818219704435,45.76512405535536]}}
{"_id":{"$oid":"5a8c554a49eebe7258dfdeed"},"idstation":"10091","nom":"Château Gaillard / Fort","code_insee":"69266","nbbornettes":"16","geometry":{"type":"Point","coordinates":[4.888038740879778,45.774750799311725]}}
{"_id":{"$oid":"5a8c554a49eebe7258dfdeee"},"idstation":"10089","nom":"Colin /Ottavi","code_insee":"69266","nbbornettes":"15","geometry":{"type":"Point","coordinates":[4.874052326694332,45.77449846467343]}}
{"_id":{"$oid":"5a8c554a49eebe7258dfdeef"},"idstation":"5036","nom":"La Salette","code_insee":"69385","nbbornettes":"15","geometry":{"type":"Point","coordinates":[4.795610615269672,45.7496868148719]}}
{"_id":{"$oid":"5a8c554a49eebe7258dfdef0"},"idstation":"10053","nom":"Rossellini / 11 Novembre","code_insee":"69266","nbbornettes":"20","geometry":{"type":"Point","coordinates":[4.862902169028769,45.77940831360801]}}
{"_id":{"$oid":"5a8c554a49eebe7258dfdef1"},"idstation":"10110","nom":"Mémoire \u0026 Société","code_insee":"69266","nbbornettes":"18","geometry":{"type":"Point","coordinates":[4.882757862494826,45.75957683325158]}}
{"_id":{"$oid":"5a8c554a49eebe7258dfdef2"},"idstation":"12001","nom":"La Soie","code_insee":"69256","nbbornettes":"25","geometry":{"type":"Point","coordinates":[4.920603945688605,45.760813194682925]}}
{"_id":{"$oid":"5a8c554a49eebe7258dfdef3"},"idstation":"9032","nom":"Place Port Mouton","code_insee":"69389","nbbornettes":"18","geometry":{"type":"Point","coordinates":[4.809504474400391,45.7738337453507]}}
{"_id":{"$oid":"5a8c554a49eebe7258dfdef4"},"idstation":"3097","nom":"Augagneur / Fosse aux Ours","code_insee":"69383","nbbornettes":"16","geometry":{"type":"Point","coordinates":[4.840499137542488,45.75719970232654]}}
{"_id":{"$oid":"5a8c554a49eebe7258dfdef5"},"idstation":"9051","nom":"Andréi Sakharov","code_insee":"69389","nbbornettes":"12","geometry":{"type":"Point","coordinates":[4.797070902331011,45.78652473934913]}}
{"_id":{"$oid":"5a8c554a49eebe7258dfdef6"},"idstation":"7030","nom":"Quartier Général Frère","code_insee":"69387","nbbornettes":"30","geometry":{"type":"Point","coordinates":[4.83425102400814,45.74322179772394]}}
{"_id":{"$oid":"5a8c554a49eebe7258dfdef7"},"idstation":"6043","nom":"Cité Internationale - Cinéma","code_insee":"69386","nbbornettes":"32","geometry":{"type":"Point","coordinates":[4.852215476117999,45.78473625802337]}}
{"_id":{"$oid":"5a8c554a49eebe7258dfdef8"},"idstation":"11001","nom":"Gare de Cuire","code_insee":"69034","nbbornettes":"18","geometry":{"type":"Point","coordinates":[4.833713421589126,45.78577553084684]}}
{"_id":{"$oid":"5a8c554a49eebe7258dfdef9"},"idstation":"11002","nom":"Saint Clair","code_insee":"69034","nbbornettes":"20","geometry":{"type":"Point","coordinates":[4.848303643509249,45.78572987433807]}}
{"_id":{"$oid":"5a8c554a49eebe7258dfdefa"},"idstation":"8029","nom":"Etats Unis / Lévigne","code_insee":"69388","nbbornettes":"20","geometry":{"type":"Point","coordinates":[4.865141536736715,45.732218010659686]}}
{"_id":{"$oid":"5a8c554a49eebe7258dfdefb"},"idstation":"3010","nom":"Part Dieu / Cuirassier","code_insee":"69383","nbbornettes":"38","geometry":{"type":"Point","coordinates":[4.855961209150021,45.75937413203321]}}
{"_id":{"$oid":"5a8c554a49eebe7258dfdefc"},"idstation":"8010","nom":"Place Mendès France","code_insee":"69388","nbbornettes":"20","geometry":{"type":"Point","coordinates":[4.8595210870363,45.73992705871348]}}
{"_id":{"$oid":"5a8c554a49eebe7258dfdefd"},"idstation":"3071","nom":"BioParc","code_insee":"69383","nbbornettes":"20","geometry":{"type":"Point","coordinates":[4.888085810136047,45.740483091025865]}}
{"_id":{"$oid":"5a8c554a49eebe7258dfdefe"},"idstation":"7031","nom":"Jaurès / Gerland","code_insee":"69387","nbbornettes":"20","geometry":{"type":"Point","coordinates":[4.840307388622857,45.73981323488968]}}
{"_id":{"$oid":"5a8c554a49eebe7258dfdeff"},"idstation":"6001","nom":"Gare des Brotteaux","code_insee":"69386","nbbornettes":"16","geometry":{"type":"Point","coordinates":[4.85897382063673,45.7668552367471]}}
{"_id":{"$oid":"5a8c554a49eebe7258dfdf00"},"idstation":"10008","nom":"Salengro / Vaillant","code_insee":"69266","nbbornettes":"24","geometry":{"type":"Point","coordinates":[4.879673281300416,45.77836820800488]}}
{"_id":{"$oid":"5a8c554a49eebe7258dfdf01"},"idstation":"7049","nom":"Cité Scolaire Internationale","code_insee":"69387","nbbornettes":"25","geometry":{"type":"Point","coordinates":[4.823558742681272,45.72796045103317]}}
{"_id":{"$oid":"5a8c554b49eebe7258dfdf02"},"idstation":"3013","nom":"Place Antoinette","code_insee":"69383","nbbornettes":"21","geometry":{"type":"Point","coordinates":[4.889268557413093,45.75364484459555]}}
{"_id":{"$oid":"5a8c554b49eebe7258dfdf03"},"idstation":"8003","nom":"Claude Bernard Lyon I","code_insee":"69388","nbbornettes":"16","geometry":{"type":"Point","coordinates":[4.886880308711533,45.73814005602949]}}
{"_id":{"$oid":"5a8c554b49eebe7258dfdf04"},"idstation":"12002","nom":"Poudrette la Soie","code_insee":"69256","nbbornettes":"20","geometry":{"type":"Point","coordinates":[4.919275785947367,45.76440031305878]}}
{"_id":{"$oid":"5a8c554b49eebe7258dfdf05"},"idstation":"8041","nom":"Etats-Unis / Viviani","code_insee":"69388","nbbornettes":"20","geometry":{"type":"Point","coordinates":[4.870831654768776,45.72471626550501]}}
{"_id":{"$oid":"5a8c554b49eebe7258dfdf06"},"idstation":"2005","nom":"Confluence Hôtel de Région","code_insee":"69382","nbbornettes":"32","geometry":{"type":"Point","coordinates":[4.819179518436805,45.740538315203914]}}
{"_id":{"$oid":"5a8c554b49eebe7258dfdf07"},"idstation":"7023","nom":"Berthelot / Route de Vienne","code_insee":"69387","nbbornettes":"15","geometry":{"type":"Point","coordinates":[4.850536971459666,45.74265376172829]}}
{"_id":{"$oid":"5a8c554b49eebe7258dfdf08"},"idstation":"9014","nom":"Quai du Commerce","code_insee":"69389","nbbornettes":"23","geometry":{"type":"Point","coordinates":[4.811433044831253,45.78334103569242]}}
{"_id":{"$oid":"5a8c554b49eebe7258dfdf09"},"idstation":"1024","nom":"Rouville","code_insee":"69381","nbbornettes":"17","geometry":{"type":"Point","coordinates":[4.824634908775288,45.76966287362501]}}
{"_id":{"$oid":"5a8c554b49eebe7258dfdf0a"},"idstation":"7033","nom":"St Luc / St Joseph","code_insee":"69387","nbbornettes":"28","geometry":{"type":"Point","coordinates":[4.834752004711106,45.749417695294724]}}
{"_id":{"$oid":"5a8c554b49eebe7258dfdf0b"},"idstation":"8058","nom":"Longefer / Kruger","code_insee":"69388","nbbornettes":"16","geometry":{"type":"Point","coordinates":[4.878130905552831,45.73866788395093]}}
{"_id":{"$oid":"5a8c554b49eebe7258dfdf0c"},"idstation":"8037","nom":"Cazeneuve","code_insee":"69388","nbbornettes":"19","geometry":{"type":"Point","coordinates":[4.862904488884066,45.73403249564836]}}
{"_id":{"$oid":"5a8c554b49eebe7258dfdf0d"},"idstation":"8052","nom":"Clinique Montplaisir","code_insee":"69388","nbbornettes":"16","geometry":{"type":"Point","coordinates":[4.860143703617903,45.747096714094674]}}
{"_id":{"$oid":"5a8c554b49eebe7258dfdf0e"},"idstation":"9004","nom":"Gare de Vaise","code_insee":"69389","nbbornettes":"22","geometry":{"type":"Point","coordinates":[4.804566617251226,45.779743657084545]}}
{"_id":{"$oid":"5a8c554b49eebe7258dfdf0f"},"idstation":"7022","nom":"Jaurès / Lagrange","code_insee":"69387","nbbornettes":"30","geometry":{"type":"Point","coordinates":[4.841522089300284,45.74392560462182]}}
{"_id":{"$oid":"5a8c554b49eebe7258dfdf10"},"idstation":"9050","nom":"Allée de l'Europe","code_insee":"69389","nbbornettes":"12","geometry":{"type":"Point","coordinates":[4.794525308499563,45.78363716505479]}}
{"_id":{"$oid":"5a8c554b49eebe7258dfdf11"},"idstation":"3003","nom":"Part Dieu / Deruelle","code_insee":"69383","nbbornettes":"20","geometry":{"type":"Point","coordinates":[4.8550066229888,45.762979012081544]}}
{"_id":{"$oid":"5a8c554b49eebe7258dfdf12"},"idstation":"3087","nom":"Part-Dieu / Garibaldi","code_insee":"69383","nbbornettes":"20","geometry":{"type":"Point","coordinates":[4.852309764957915,45.76274131133987]}}
{"_id":{"$oid":"5a8c554b49eebe7258dfdf13"},"idstation":"3067","nom":"Hachette","code_insee":"69383","nbbornettes":"15","geometry":{"type":"Point","coordinates":[4.863961493825571,45.75289165378124]}}
{"_id":{"$oid":"5a8c554b49eebe7258dfdf14"},"idstation":"8020","nom":"Moulin à Vent","code_insee":"69388","nbbornettes":"20","geometry":{"type":"Point","coordinates":[4.853963757190567,45.72972669563087]}}
{"_id":{"$oid":"5a8c554b49eebe7258dfdf15"},"idstation":"10004","nom":"Tonkin","code_insee":"69266","nbbornettes":"10","geometry":{"type":"Point","coordinates":[4.862647581329799,45.776221014708135]}}
{"_id":{"$oid":"5a8c554b49eebe7258dfdf16"},"idstation":"9042","nom":"Vaise Docks","code_insee":"69389","nbbornettes":"19","geometry":{"type":"Point","coordinates":[4.811441217420372,45.78650844436203]}}
{"_id":{"$oid":"5a8c554b49eebe7258dfdf17"},"idstation":"2010","nom":"Confluence Darse","code_insee":"69382","nbbornettes":"22","geometry":{"type":"Point","coordinates":[4.815816311556859,45.74339197495656]}}
{"_id":{"$oid":"5a8c554b49eebe7258dfdf18"},"idstation":"10032","nom":"Primat / Decorps","code_insee":"69266","nbbornettes":"16","geometry":{"type":"Point","coordinates":[4.899965219427945,45.757156014647244]}}
{"_id":{"$oid":"5a8c554b49eebe7258dfdf19"},"idstation":"2009","nom":"Confluence Les Docks","code_insee":"69382","nbbornettes":"26","geometry":{"type":"Point","coordinates":[4.815073963373897,45.73960750279892]}}
{"_id":{"$oid":"5a8c554b49eebe7258dfdf1a"},"idstation":"3009","nom":"Musée Africain","code_insee":"69383","nbbornettes":"22","geometry":{"type":"Point","coordinates":[4.857925030063062,45.750253311906036]}}
{"_id":{"$oid":"5a8c554b49eebe7258dfdf1b"},"idstation":"5029","nom":"Place Gerson","code_insee":"69385","nbbornettes":"20","geometry":{"type":"Point","coordinates":[4.826984323306274,45.76704447145251]}}
{"_id":{"$oid":"5a8c554b49eebe7258dfdf1c"},"idstation":"2024","nom":"République / Maupin","code_insee":"69382","nbbornettes":"15","geometry":{"type":"Point","coordinates":[4.834076515413146,45.75873908219385]}}
{"_id":{"$oid":"5a8c554b49eebe7258dfdf1d"},"idstation":"3044","nom":"Quai Augagneur","code_insee":"69383","nbbornettes":"19","geometry":{"type":"Point","coordinates":[4.841053430766209,45.761965130115485]}}
{"_id":{"$oid":"5a8c554b49eebe7258dfdf1e"},"idstation":"5006","nom":"Quai Romain Rolland","code_insee":"69385","nbbornettes":"17","geometry":{"type":"Point","coordinates":[4.828889682458041,45.76203708069267]}}
{"_id":{"$oid":"5a8c554b49eebe7258dfdf1f"},"idstation":"7039","nom":"Guillotière / Madeleine","code_insee":"69387","nbbornettes":"10","geometry":{"type":"Point","coordinates":[4.848040767744837,45.751036664724865]}}
{"_id":{"$oid":"5a8c554b49eebe7258dfdf20"},"idstation":"5009","nom":"Place Fousseret","code_insee":"69385","nbbornettes":"16","geometry":{"type":"Point","coordinates":[4.828944798858943,45.764685782659]}}
{"_id":{"$oid":"5a8c554b49eebe7258dfdf21"},"idstation":"2011","nom":"Sala / Rue du Plat","code_insee":"69382","nbbornettes":"15","geometry":{"type":"Point","coordinates":[4.828374380139512,45.756808487616944]}}
{"_id":{"$oid":"5a8c554b49eebe7258dfdf22"},"idstation":"9022","nom":"Rue Masaryk / Saint Cyr","code_insee":"69389","nbbornettes":"13","geometry":{"type":"Point","coordinates":[4.807040366536837,45.77855424064564]}}
{"_id":{"$oid":"5a8c554c49eebe7258dfdf23"},"idstation":"6002","nom":"Porte des Enfants du Rhône","code_insee":"69386","nbbornettes":"29","geometry":{"type":"Point","coordinates":[4.844881259138507,45.777379316644186]}}
{"_id":{"$oid":"5a8c554c49eebe7258dfdf24"},"idstation":"2030","nom":"République / Poulaillerie","code_insee":"69382","nbbornettes":"22","geometry":{"type":"Point","coordinates":[4.835525357888597,45.764072350311615]}}
{"_id":{"$oid":"5a8c554c49eebe7258dfdf25"},"idstation":"5001","nom":"Place Varillon (funiculaire St Just)","code_insee":"69385","nbbornettes":"23","geometry":{"type":"Point","coordinates":[4.815304876240883,45.75719575350123]}}
{"_id":{"$oid":"5a8c554c49eebe7258dfdf26"},"idstation":"2008","nom":"Place Antonin Poncet","code_insee":"69382","nbbornettes":"18","geometry":{"type":"Point","coordinates":[4.833841021712149,45.75676640473548]}}
{"_id":{"$oid":"5a8c554c49eebe7258dfdf27"},"idstation":"5002","nom":"Place des Compagnons de la chanson","code_insee":"69385","nbbornettes":"18","geometry":{"type":"Point","coordinates":[4.796612178889425,45.7565273368784]}}
{"_id":{"$oid":"5a8c554c49eebe7258dfdf28"},"idstation":"7046","nom":"Place de l'Ecole","code_insee":"69387","nbbornettes":"28","geometry":{"type":"Point","coordinates":[4.827793255896584,45.73008039445899]}}
{"_id":{"$oid":"5a8c554c49eebe7258dfdf29"},"idstation":"4009","nom":"Jacquart / Denfert-Rochereau","code_insee":"69384","nbbornettes":"14","geometry":{"type":"Point","coordinates":[4.825421823983698,45.77592301794406]}}
{"_id":{"$oid":"5a8c554c49eebe7258dfdf2a"},"idstation":"6022","nom":"Place Maréchal Lyautey","code_insee":"69386","nbbornettes":"20","geometry":{"type":"Point","coordinates":[4.842416784716996,45.76938206613563]}}
{"_id":{"$oid":"5a8c554c49eebe7258dfdf2b"},"idstation":"4021","nom":"Tabareau","code_insee":"69384","nbbornettes":"10","geometry":{"type":"Point","coordinates":[4.825192571096995,45.7740460473114]}}
{"_id":{"$oid":"5a8c554c49eebe7258dfdf2c"},"idstation":"6005","nom":"Place Edgar Quinet","code_insee":"69386","nbbornettes":"20","geometry":{"type":"Point","coordinates":[4.844731892850444,45.76576559246292]}}
{"_id":{"$oid":"5a8c554c49eebe7258dfdf2d"},"idstation":"3058","nom":"Place du Lac","code_insee":"69383","nbbornettes":"19","geometry":{"type":"Point","coordinates":[4.853880856121918,45.758815494892524]}}
{"_id":{"$oid":"5a8c554c49eebe7258dfdf2e"},"idstation":"3021","nom":"Place de la Ferrandière","code_insee":"69383","nbbornettes":"7","geometry":{"type":"Point","coordinates":[4.87000225213023,45.759513623018655]}}
{"_id":{"$oid":"5a8c554c49eebe7258dfdf2f"},"idstation":"2026","nom":"République / Paufique","code_insee":"69382","nbbornettes":"39","geometry":{"type":"Point","coordinates":[4.83539920228165,45.759380956346526]}}
{"_id":{"$oid":"5a8c554c49eebe7258dfdf30"},"idstation":"3016","nom":"Liberté / Part Dieu","code_insee":"69383","nbbornettes":"18","geometry":{"type":"Point","coordinates":[4.842227587021121,45.759342266336446]}}
{"_id":{"$oid":"5a8c554c49eebe7258dfdf31"},"idstation":"3005","nom":"Saxe-Gambetta","code_insee":"69383","nbbornettes":"20","geometry":{"type":"Point","coordinates":[4.848042426103683,45.75378586524356]}}
{"_id":{"$oid":"5a8c554c49eebe7258dfdf32"},"idstation":"3007","nom":"Place d'Arsonval","code_insee":"69383","nbbornettes":"32","geometry":{"type":"Point","coordinates":[4.878903126175373,45.74344168417099]}}
{"_id":{"$oid":"5a8c554c49eebe7258dfdf33"},"idstation":"3053","nom":"Gambetta / Jusserand","code_insee":"69383","nbbornettes":"13","geometry":{"type":"Point","coordinates":[4.855582849132956,45.75113158046235]}}
{"_id":{"$oid":"5a8c554c49eebe7258dfdf34"},"idstation":"7014","nom":"Marseille / Félissent","code_insee":"69387","nbbornettes":"15","geometry":{"type":"Point","coordinates":[4.841377964319034,45.75300980824017]}}
{"_id":{"$oid":"5a8c554c49eebe7258dfdf35"},"idstation":"6040","nom":"Les Halles","code_insee":"69386","nbbornettes":"15","geometry":{"type":"Point","coordinates":[4.849930546075752,45.76405761271891]}}
{"_id":{"$oid":"5a8c554c49eebe7258dfdf36"},"idstation":"9006","nom":"Théâtre Nouvelle Génération","code_insee":"69389","nbbornettes":"16","geometry":{"type":"Point","coordinates":[4.803348453334923,45.77720719299598]}}
{"_id":{"$oid":"5a8c554c49eebe7258dfdf37"},"idstation":"8001","nom":"Université Lyon III","code_insee":"69388","nbbornettes":"26","geometry":{"type":"Point","coordinates":[4.861541779364255,45.748539566259865]}}
{"_id":{"$oid":"5a8c554c49eebe7258dfdf38"},"idstation":"8030","nom":"Laënnec","code_insee":"69388","nbbornettes":"16","geometry":{"type":"Point","coordinates":[4.879736930616557,45.74137373779656]}}
{"_id":{"$oid":"5a8c554c49eebe7258dfdf39"},"idstation":"7001","nom":"Place Gabriel Péri","code_insee":"69387","nbbornettes":"20","geometry":{"type":"Point","coordinates":[4.843738607780695,45.754866891417876]}}
{"_id":{"$oid":"5a8c554c49eebe7258dfdf3a"},"idstation":"7003","nom":"Gambetta / Garibaldi","code_insee":"69387","nbbornettes":"30","geometry":{"type":"Point","coordinates":[4.852534712806194,45.751802214347805]}}
{"_id":{"$oid":"5a8c554c49eebe7258dfdf3b"},"idstation":"7006","nom":"Gerland","code_insee":"69387","nbbornettes":"40","geometry":{"type":"Point","coordinates":[4.831145689672806,45.72748909295456]}}
{"_id":{"$oid":"5a8c554c49eebe7258dfdf3c"},"idstation":"6023","nom":"Quai Sarrail","code_insee":"69386","nbbornettes":"14","geometry":{"type":"Point","coordinates":[4.841139339351328,45.766829619624275]}}
{"_id":{"$oid":"5a8c554c49eebe7258dfdf3d"},"idstation":"6024","nom":"Tronchet / Anatole France","code_insee":"69386","nbbornettes":"10","geometry":{"type":"Point","coordinates":[4.856779667477086,45.77073256054904]}}
{"_id":{"$oid":"5a8c554c49eebe7258dfdf3e"},"idstation":"7010","nom":"Centre Berthelot","code_insee":"69387","nbbornettes":"20","geometry":{"type":"Point","coordinates":[4.83604918965423,45.747357762306436]}}
{"_id":{"$oid":"5a8c554c49eebe7258dfdf3f"},"idstation":"7004","nom":"Mairie du 7ème","code_insee":"69387","nbbornettes":"30","geometry":{"type":"Point","coordinates":[4.842378996527901,45.74652506566693]}}
{"_id":{"$oid":"5a8c554c49eebe7258dfdf40"},"idstation":"7021","nom":"Challemel Lacour / Gerland","code_insee":"69387","nbbornettes":"12","geometry":{"type":"Point","coordinates":[4.838138438340417,45.72980586520876]}}
{"_id":{"$oid":"5a8c554d49eebe7258dfdf41"},"idstation":"9013","nom":"Quai Paul Sédaillan","code_insee":"69389","nbbornettes":"20","geometry":{"type":"Point","coordinates":[4.814373779400059,45.787384084955846]}}
{"_id":{"$oid":"5a8c554d49eebe7258dfdf42"},"idstation":"1012","nom":"Ampère / Bourse","code_insee":"69381","nbbornettes":"20","geometry":{"type":"Point","coordinates":[4.836895741420563,45.765811382204056]}}
{"_id":{"$oid":"5a8c554d49eebe7258dfdf43"},"idstation":"1031","nom":"Place de la Paix","code_insee":"69381","nbbornettes":"20","geometry":{"type":"Point","coordinates":[4.831741251718416,45.76802361265465]}}
{"_id":{"$oid":"5a8c554d49eebe7258dfdf44"},"idstation":"6036","nom":"Musée d'art contemporain","code_insee":"69386","nbbornettes":"23","geometry":{"type":"Point","coordinates":[4.852140403416399,45.783881614283054]}}
{"_id":{"$oid":"5a8c554d49eebe7258dfdf45"},"idstation":"6028","nom":"Récamier / Tête d'Or","code_insee":"69386","nbbornettes":"16","geometry":{"type":"Point","coordinates":[4.853492129706195,45.764333697561206]}}
{"_id":{"$oid":"5a8c554d49eebe7258dfdf46"},"idstation":"8006","nom":"Place 8 mai 1945","code_insee":"69388","nbbornettes":"20","geometry":{"type":"Point","coordinates":[4.868284259333227,45.72974560058478]}}
{"_id":{"$oid":"5a8c554d49eebe7258dfdf47"},"idstation":"9029","nom":"Saint Pierre de Vaise","code_insee":"69389","nbbornettes":"15","geometry":{"type":"Point","coordinates":[4.807813722264594,45.77309957253315]}}
{"_id":{"$oid":"5a8c554d49eebe7258dfdf48"},"idstation":"4011","nom":"Place Jean Ambre","code_insee":"69384","nbbornettes":"20","geometry":{"type":"Point","coordinates":[4.8328399154362,45.781492029845516]}}
{"_id":{"$oid":"5a8c554d49eebe7258dfdf49"},"idstation":"2003","nom":"Place Ampère","code_insee":"69382","nbbornettes":"10","geometry":{"type":"Point","coordinates":[4.828267282622693,45.75304370740951]}}
{"_id":{"$oid":"5a8c554d49eebe7258dfdf4a"},"idstation":"9002","nom":"Mairie du 9e","code_insee":"69389","nbbornettes":"22","geometry":{"type":"Point","coordinates":[4.805666011414777,45.77424082807878]}}
{"_id":{"$oid":"5a8c554d49eebe7258dfdf4b"},"idstation":"7041","nom":"Domer / Chevreul","code_insee":"69387","nbbornettes":"12","geometry":{"type":"Point","coordinates":[4.84448236134229,45.74668592871409]}}
{"_id":{"$oid":"5a8c554d49eebe7258dfdf4c"},"idstation":"4017","nom":"Place des tapis","code_insee":"69384","nbbornettes":"17","geometry":{"type":"Point","coordinates":[4.829474958894087,45.77609297865248]}}
{"_id":{"$oid":"5a8c554d49eebe7258dfdf4d"},"idstation":"8011","nom":"Place Lebret","code_insee":"69388","nbbornettes":"14","geometry":{"type":"Point","coordinates":[4.85299655686574,45.73561399064821]}}
{"_id":{"$oid":"5a8c554d49eebe7258dfdf4e"},"idstation":"10007","nom":"Piaton / Condorcet","code_insee":"69266","nbbornettes":"10","geometry":{"type":"Point","coordinates":[4.867504213135082,45.77421517841813]}}
{"_id":{"$oid":"5a8c554d49eebe7258dfdf4f"},"idstation":"7012","nom":"Place des Pavillons","code_insee":"69387","nbbornettes":"13","geometry":{"type":"Point","coordinates":[4.829690042161128,45.7295009904289]}}
{"_id":{"$oid":"5a8c554d49eebe7258dfdf50"},"idstation":"10005","nom":"Bd du 11 novembre","code_insee":"69266","nbbornettes":"35","geometry":{"type":"Point","coordinates":[4.859991160995687,45.77970161324894]}}
{"_id":{"$oid":"5a8c554d49eebe7258dfdf51"},"idstation":"7009","nom":"Jean Jaurès","code_insee":"69387","nbbornettes":"16","geometry":{"type":"Point","coordinates":[4.837585521771116,45.73779482626071]}}
{"_id":{"$oid":"5a8c554d49eebe7258dfdf52"},"idstation":"6035","nom":"Cité Internationale","code_insee":"69386","nbbornettes":"21","geometry":{"type":"Point","coordinates":[4.854124072710764,45.78542142496238]}}
{"_id":{"$oid":"5a8c554d49eebe7258dfdf53"},"idstation":"7011","nom":"Berthelot / Garibaldi","code_insee":"69387","nbbornettes":"10","geometry":{"type":"Point","coordinates":[4.847275267998711,45.74371952534268]}}
{"_id":{"$oid":"5a8c554d49eebe7258dfdf54"},"idstation":"6021","nom":"Garibaldi","code_insee":"69386","nbbornettes":"11","geometry":{"type":"Point","coordinates":[4.849971342803483,45.77085626834296]}}
{"_id":{"$oid":"5a8c554d49eebe7258dfdf55"},"idstation":"6037","nom":"Cité Internationale / Interpol","code_insee":"69386","nbbornettes":"27","geometry":{"type":"Point","coordinates":[4.849343980816729,45.782306112832835]}}
{"_id":{"$oid":"5a8c554d49eebe7258dfdf56"},"idstation":"8034","nom":"Berthelot / Villon","code_insee":"69388","nbbornettes":"13","geometry":{"type":"Point","coordinates":[4.862698792382356,45.738272590258894]}}
{"_id":{"$oid":"5a8c554d49eebe7258dfdf57"},"idstation":"6020","nom":"Musée Guimet","code_insee":"69386","nbbornettes":"15","geometry":{"type":"Point","coordinates":[4.848382345964661,45.77452697219786]}}
{"_id":{"$oid":"5a8c554d49eebe7258dfdf58"},"idstation":"7002","nom":"Universités Lyon III / Lyon II","code_insee":"69387","nbbornettes":"29","geometry":{"type":"Point","coordinates":[4.836353514498878,45.75133156887547]}}
{"_id":{"$oid":"5a8c554e49eebe7258dfdf59"},"idstation":"7016","nom":"Place Saint Louis","code_insee":"69387","nbbornettes":"15","geometry":{"type":"Point","coordinates":[4.847644663833561,45.74899895679568]}}
{"_id":{"$oid":"5a8c554e49eebe7258dfdf5a"},"idstation":"6032","nom":"Préfecture / Sarrail","code_insee":"69386","nbbornettes":"20","geometry":{"type":"Point","coordinates":[4.841565471491022,45.76485827235323]}}
{"_id":{"$oid":"5a8c554e49eebe7258dfdf5b"},"idstation":"8040","nom":"Ambroise Paré","code_insee":"69388","nbbornettes":"24","geometry":{"type":"Point","coordinates":[4.883736826213056,45.73624049449407]}}
{"_id":{"$oid":"5a8c554e49eebe7258dfdf5c"},"idstation":"1002","nom":"Opéra","code_insee":"69381","nbbornettes":"22","geometry":{"type":"Point","coordinates":[4.836282399686429,45.76750691053081]}}
{"_id":{"$oid":"5a8c554e49eebe7258dfdf5d"},"idstation":"8009","nom":"Jean XXIII / Mermoz","code_insee":"69388","nbbornettes":"20","geometry":{"type":"Point","coordinates":[4.869916091510087,45.736574944562335]}}
{"_id":{"$oid":"5a8c554e49eebe7258dfdf5e"},"idstation":"7013","nom":"Halle Tony Garnier","code_insee":"69387","nbbornettes":"20","geometry":{"type":"Point","coordinates":[4.823932182416953,45.73124978076507]}}
{"_id":{"$oid":"5a8c554e49eebe7258dfdf5f"},"idstation":"7035","nom":"Marseille / Université","code_insee":"69387","nbbornettes":"29","geometry":{"type":"Point","coordinates":[4.839365463840346,45.75093339042987]}}
